"id","productType","productTypeKey","name.en-US","description.en-US","categories","slug.en-US","_hasStagedChanges","_published","key","tax","priceMode","createdAt","lastModifiedAt","variantId","sku","variantKey","images","prices","color.en-US","size.en-US","product-name.en-US","short-description.en-US","rating","review-counts","product-title.en-US","sleeve-length","Brand"
"a6c66904-fe08-4c0e-a8ea-27d98cd67e76","Clothing and apparel","clothing-and-apparel","Poloshique Cream Polo T-Shirt","In every wardrobe should reside the perfect plain patterned t-shirt. As great as it is with joggers, they are with jeans, this cream slim fit T-shirt will see you through endless casual occasions. Made from breathable 100% cotton fabric, this T-shirt will keep you feeling as cool as you look.","tshirts","Sale-Puma-test-key9876","false","true","Poloshique-Cream-Polo-T-Shirt","Standard Tax Category","Embedded","2024-07-29T14:09:15.045Z","2024-08-20T16:33:26.998Z",1,"sku-00224466","sku-00224466","https://www.snitch.co.in/cdn/shop/files/4MST2275-05-M40.jpg?v=1715079351&width=1800||800x1200;https://www.snitch.co.in/cdn/shop/files/4MST2275-05-M2.jpg?v=1715079351&width=1800||800x1200;https://www.snitch.co.in/cdn/shop/files/4MST2275-05-M49.jpg?v=1715079351&width=1800||800x1200;https://www.snitch.co.in/cdn/shop/files/4MST2275-05-M33.jpg?v=1715079351&width=1800||800x1200;https://www.snitch.co.in/cdn/shop/files/4MST2275-05-M16.jpg?v=1715079351&width=1800||800x1200;https://www.snitch.co.in/cdn/shop/files/4MST2275-05-M23.jpg?v=1715079351&width=1800||800x1200","US-USD 10099$2024-03-06T18:30:00.000Z~2025-03-27T18:30:00.000Z","Cream","L","Poloshique Cream Polo T-Shirt","In every wardrobe should reside the perfect plain patterned t-shirt. As great as it is with joggers, they are with jeans, this cream slim fit T-shirt will see you through endless casual occasions. Made from breathable 100% cotton fabric, this T-shirt will keep you feeling as cool as you look.",3,4331,"Poloshique Cream Polo T-Shirt","Half","Poloshique"
"01eb1f6e-3810-4a1d-9ce8-9760366aa835","Clothing and apparel","clothing-and-apparel","roadster cotton cargo jogger","roadster lifestyle co. men pure cotton cargo jogger","","sample-p-key123","false","true","sample-p-key123","Standard Tax Category",,"2024-07-29T14:09:15.372Z","2024-08-21T17:00:32.707Z",1,"123-sku","123-sku","data:image/jpeg;base64,/9j/4AAQSkZJRgABAQAAAQABAAD/2wCEAAkGBxIQEBUQEBAPFRUVFRUVEBUQDxAPFRUPFRUWFxUVFRUYHSggGBolGxYXITEiJSkrLi4uFx8zODMtNygtLisBCgoKDg0OGxAQFy0dHSUtKystLS0tLS0rLS0tLS0tLS0tLS0rKy0tLS0tKy0tLS0tLS0tLS0tLS0tLS0tLS0tLf/AABEIAQMAwgMBIgACEQEDEQH/xAAbAAABBQEBAAAAAAAAAAAAAAACAAEFBgcDBP/EAEMQAAEEAAMEBwUFBQcEAwAAAAEAAgMRBBIhBQYxQRMiUWFxgZEHMqGxwUJScpLRFGKiwuEjJDNTgrLwQ3Oj8RUWNP/EABgBAQEBAQEAAAAAAAAAAAAAAAADAQIE/8QAHxEBAAIDAQADAQEAAAAAAAAAAAECAxExIRIyQSJR/9oADAMBAAIRAxEAPwC+JJJIEkkkgShduS5QXdmnkFMuNC1EbSgLmdvb/RRzT5pbDHsyoW1cVZUp7P8ADZjipOXRiMHvIc4j/aorHbGe2yby8r5dytvs+jrAnSiZJb76ofSvJc449d5Z8Sz4NAV6MKa4rvhx1QndACpKAlxA4LlJPolNhxa8s+FcRoVo8eNntQuIYTqpOXBPB1Oi5lo4LGoN8RAVw3aiy4WPvBcf9TiR8KVY2joLVy2bHlhjb2RsB8Q0K+HqObju4gCzwHHwWZbKi6SWScj/ABJHv/M4u+qv+35MuFmI/wAtwHiRX1VR2ZDkiC3NP4zBH68+0n6FXjAx5Yo2n7LGA+TQFSYIulxEcfIvF+A1PwBV9KYY8M8+6C5AjKBXQMUJRFCUAUknSWaYlUkkljTJ0kkHLFGmH/nNRz5NKXvxp6h8vmFCTyUvPm69OH6oreOYBh7lM7nsy7PiJ4lr3/ne5w+BCqe8cpc3I3VzyGtHe4gBaAyARQsiHBjWMHg0AD5LcfkTJl7EO8WgXOSWuaJzqC4vDXDVRUeObG1zQHGGuKj94IhEwvbZPYCALPaToB3lcsA1742uLctiyCQfkdfEIOuLxhPNNENFykwxLgvdlDQjUNtRnVPgrnhnhzGuHAtaR4EAqobQeKKsuw3XhovwAemivh/Uc3IcN5v/AMz2/eLWjzcPoFX8WBHGBzpWDbRssZyBL3eAFD5n0VU2rMXuLQDZIAHfwpc5Z3bTrFGq7SG6GFzPdOeDeq38R4+g+atJXn2bgxDE2Mch1j2uOrj6r0FXpXUaee9tzsJQFGUBXbkxQFGUBQNaSVJlglkkySwJOmToPNj/AHPMfNVzaT8oKsmM90eI+qq+8LgGErz5fs9OH6oLYoOJ2jE2urGTI6+xnA/myq4714pzI2hjgCXXZ/dHA9xJ+SifZzgKjkxTuMji2P8A7TDRPm6/yhLbE/TzPze40ljOerXEOJHMWFtp+NHH2uGLeqgGzMc08LqwfA811O243C2PB8DaruNw2WhE5wHZ7za5dV307F4Zo3CwY4jobq4SG1qSeAFWpdV3MLb/APLA8dfIoMVtkDgD5AqnwxQuaXiXEBjQS8sPV0HBrnAFxBI4A+VrzO2hHV5C5gdlLnmRxugRdP0sAclvxPmt7dqDi5wb+IhnzXHF7yRN0Dsx5BvW/oqmafq2OH/y136FxvxXc4OUEA9QHnHGGCu2xqmj5TLtj9qSPFnqD973iO4cVedysaG7Oa9xJEbpAcrHOd75NZRZJ63LtCqGC2GyRwbE/O5wN5rbQ5usiyB2/qp8Y6HCuGGwzRwt1cXEaOe88yaXVLa4yafLrzv2scS6V2eeGQOc2Npa1rOjbwa5rgSXcyDR1NcEtz2unxDjKG5odXgcCToxwB1o6nxaVCb0HrftLaBzAOrq5uGVxrmDXlorvuhgWthbiCBnla0kgk0ziG+pJ813SNztzefjGk6UJRFCvQ85igKIoSgEoEaElAyZMkjEskkkuWnTJJ0Hmxx0HifkqRvNnfliZq6RwY38TjVn1Vzx7vgPidFCYHC9JjWPI/w43P8ABzuq34F3ooW9u9NZ+OPafwOFbBEyJvuxtDR4NHHx5rPnyFz3Ot2rjlGlam77ea0LaD6ikI5MdXjlNKgX3Cm3w4Wsz/kOMX68k0lyNAuy6hpfBpA+ZRY5xb0hrM3IRlcTRHO6Q4CO5c5+yCfOtfmnnkzWO4j4qH6sgpQXQyG+JibQFBrBbsoHAC158HhwA8EDVmevwuaB8yvdDBUbx2v/AJXLrHFYOh1jIvXQCj6Ku3GnDB4SNzhUhid3ai17X7v4ho6kkUreOV5PHtB4g94IUeANA4V2Hh5Fe3D4iSP3XWO8rmdtjR5sHJh4rY2YSucS8teXgsAoN6Xs50Tz5pbBjDQ+SZ39rJwoggAcG+nyXodtw8NWu7qIKisTiXvfmcAddKqx6LYmW70seA2Y3GSdA4u6PKcxaaNdx5G6V+hiaxrWMADWgNaBwDQKA9FA7l4cCEy6dc0Pwt0+d/BWAr00jUPPkndjFCnJTFUcBKEpyhKBigciKAoGSSTIxLWntDadctPaYpnGgSq1vBvS3DCq63LWvXsXFraUpT5J3FyMaDno93yCj93QHGaUfakyDuaxo09XFVnZ28DsSySRxDcppuvEgcfJWrdiJzcM0vBDnkyEHiA73b78oCnjj+lMvlXr2sP7CX8DvkVQpSao9nDsWhY0XE8D7jq8cpWcOdx1J7+KzN2HOLh8IMrXFeWM8Su0rsrK5leASG/goqujm1G7xPyK8RfTRlq6IN3o3nx7l7cbP1KNDTuUQJO9dw5e1rc8dHiF52vLdCLHPwXXAu014I8WytfkjQOwGduaK39rftD9V5Y2O4ZT32OHj2LrE6jbSQeVGtV2lnlPvyE+KesaPufX7FFX72b8Qe4fQKXKru40+bDuZ919j8LgD8w5WIr1UndYee3TFMUkxXbAlCUimQCUJRFCUApJJLNs2lESFOFjXLGSZWOcTVBY1vniOnxHRR3bqaL0t54D5LZcUW5SH8HaVVkk8gOZ/RZjHsDE4mZ80LYQ+CdoyzaOtlO94aUbIU7R7C2O0RWXt3U2I2WYRv6zMMxvSA315eDA7uAaTXcAtHWQbYmxeHxTsQ6KSCPM1ruic4MEmtEEU0k68uXfro2622v2uHMazsOWShQOgLXAcrB4ciCFtPHOX2UtO22uA4lpA8aWZumBsN4dp0vw7lpx7uPJZY0jKO/9FPN+NxGkZZ1XKaRsbcxPgjc+rUDjZMztSVKI2rMidOXu1715HOo6rrFxS2fgH4nEtiYCdHuPcGMLtfOh5qkQ4mUjh5GZQGm+2164xnaRzCihhSBbDp2LrBOWlcTDqHaSMV7vmE0cjHDranxpetzcwzs48wvNIzNxseSxq37gf9bs/swB4Z9fircqRuC6pXtv/p3/ABNV2K9WP6vPfpihKclCVRyYoU5QlAxKEpyhKwNadAnWMSqdDadGuDoCZhJm6rWFobX2nEEuvwAHmV2YwC6AFmzQAt3ae06IkkHnx+DZPE6GVuZjwWuHceY7COIPcqTsDaEOyppMBJnJ6TOZar+zLG5MwPYB9nvV9VL9oGxmuLMWDlexpaTpTsvXYD/GPNZJX/F1B5rNcfFlkkHJsr2jwa4hXrYDXjCwiQEOEbQQ67AA6oN88tWqbvAKxcjKGr7Hmxh+ZUs3FMXUJiHcdeKinM7B5lSOONHj8FHzv009VOqsuB0Ks/sylAxr26daE0fwuYaH/OSqpKs/s2gzY0v+5G4nzpv1+CpXri3AbZwhw+KliHu5szP+2/rNA8LryXlc8Hi0FTvtHjyTxSj7bC0+LHX/AD/BV2Nl6j0XF66l1WdwHpcrtLHmiklc7iUOTXgUyxqybjurEnvjd82n6K9krO90H1imd+YfwOWhlXxcRydMUxSKYlVcGKFIlDaBFA4pyUJKwMnQ2kjEuAnSSWNJebH4p0YDmwySDMA4RluZrTxdlJ61dg1XpSRjzDGZvcjkd+JjoQPEvAPoCucuB6UgznMAQ5sbbEYcOBdzeR36cDVhe1MgdUPekf38d7Wk+Yr+VXu1St7Y6xsbzwMVebS4/VTy/V3j6qu0hqo93kpLaml35qJMl8FGq7jOKVx9lzD00ruXRgHxLhXyKp8/BaV7NYg3Bl1auldr2gBoH19VSnU78F7RsLnwgeOMcgP+l3VPxLfRUHBuI43S1rbeF6bDyx83McG/iq2/EBZPhNRaZTHL0zOAC8t811kK5Upwold2pcuJiP74H5gW/VaSSst2RJkmjceAkYT4ZgtQKtiSydIlCSkShKqmSElOUJWMMUJKcoStDJJWmWGk0klSSNJOmT2jApJJFAyrm+2HuNkoHuOIP4XjX4geqsa8+0MO2WJ8buDmkGuXMEd4OvkstG402s6nbL9qDrO8R8goueEcWnytS20RoT3qIMWbh73zXlq9MvNIVqe4bawEfeZD/G4fRZUbuj20tf3Vjy4KAfuX+Yl31VqdTvxLWsk2rhzBiJYeAEjsv4HdZv8ACQtYKoO/sOTEMk5PZR/Ew18i1dZI8c0n1AEacEBBXYajT5LjJYUIWd8JEXvbGOLzQ8StSJWZ7LkDJ4JDwDxm9a+q0squLiWQySa0JKqmclASkShQIlCSnJQkow1p0KdGJxJJJHRJJJ0YFMSiIQlAKCX3T4H5LpSakGV43WNzu9vxBUOHUpTeV/Qn9n5te8u9SG/DXzUNGXEZqAHaefbS8sQ9OxzO5nv+C2TZ0eSGJn3Y2N9GgLItk4b9oxEcfJ72tP4Abd/CCtkKtjhO5lWd/sOHYYPI9x7fyu6p+JHorKVD72xZsFMOxod+VwJ+AK7txxHWeYZnMO0XkmfbtUsO8tNa0ueI4krzRHr0PdGbYe7UeHNaix1gE9g+SyrASZgRzF6dx0WpRPBaCOBAI8CNFXH+pZPwZKEpJiVVMxKG05QlGEShJSKYlGFaSG0kasKSSSNJJOmQMUxRISjA2uc8wY1z3cGgud4AWV0K82Og6SJ8f32Ob+ZpH1RrIocO/G4h8jiQHOLnuPJtrjjpczsrRlaNGD9wcP18VPNnDWdGxtaWVBnU0eXBeWJ3L06dd1psmMgJ/wA1o/PbP5lsBKxrAxls8ZHKSMjyeP6LZXK2NG/TErz42HpI3xn7bXN/MCF2KAqjhj7o7Pl8eaTXa07/ANhS+1MLkxUjeQc4jwccw+BC8eIgaV5d6nT0xx4XxmJwe3UfTsK0zYE4kw0bh92vykj6LPI3fYu1c9zZbgc37rzXgQD87VMc+uLx4nimSTEqyJihJSJTEowxQlOShKMJJDaSNWWk9IgE6NBSekVJIOdJiF1pCQg4kISupCEhBmu1oMmMkYe15Hg4F7fgQq246lXPe2PLjM33os3oHNPyCpRPNeaY/qXoj2IerAkdIzue0/xDRa+5YtFPkcHdhB9Df0W1HuVcaeRzKEoygKompe+kBbK2Tk9tH8Tf6UqrPNeivG/jf7sHfdkHxDgs8z2oWr/S9J8dYXU8eKum5burKP3mn1B/RUUq5biz5ukHc34Ej6pX7Qy/FsJQEoihV0AkpinKEowxTFOUJQJJMkgtaSZJHR6TpkrQKkxSTEoBKAoyUBKCj+0Tqljwdejc31cK/m9FRg0htnyV29oRHSRB3At6vZmBNj4hUvFvskcgvPb7L1480gWm7h7U6fChjjb4TkPeyuofTT/Ssxcrb7M5CJpm8iwE+IdQ/wBxXVOub8aEUBRErm4qySs7+zgYcM5ueCPBt381QxFYsK0e0Fp6SM2aLNOwFrjf+4eiq8Eihfq1OOb20rDuJJU7m9sZPoWqElkvkpfckf3omjpG75tCV623F+JQFIlCSrvORKFIlNaBFCkSmJRhWnQWkjVtSTkJkaSa0xTWgK0xQ2mtAigKIlA4oIXerZbsVhzGwRl1gjpNOHEB1HKT2rJsW8g5MhGXQguvUGuK29xWU71YI4fFG9WuL3ty045HnTq8dNfRTvH67rKu5nceAHd2LW92NmxQ4eN8cYa6SON0rrJLnFoJ1PKydOCy+B7ZndF7pOhse608T31a2CBgYxrBwa0NHgAAtoXdiUBKa0JK7cIXejYxxbBkeGuZeXN7rrqweY4DVZvNC6NxY4U5pIcOwha+Ssp3ljP7VMXf5juOmmbq/ClO8O6S4CS9Cr7urg2xwB9daTU2CDlBIaNfXzWdQUXUDfctYwzcsbG9jWj0ACyketvPjqShJSJQkqqZWhtIlASgIlMSmTEozR0kNpILmQhIXSkxCNciExauhCEoORQldSFzIQAShJTuC5u0QeHbm0BhsPJOSOo0kXwL+DR60sJftGUvMhdmc4lxLzdkm7NafJWnfzekYt/QQkmGMm3AEiSThYP3Ry7de5U9x/rxCBMxT2v6QGncQR3rVvZ3tF02EIe7MWPIF8Qw9YN8rIHdSyXLZWk+zGRvQTNBFiQE6/ZLQAfUFBeC5CXLg56AuKzY9Bcsf3q2u7ETveA3I1xY0WfcboHHvOp81q4cVj00GV0jDxDiDx4grR4IMbJG4SRuLXNILHCjRHj/AMK1zdrapxWGbI6sw6slaDOKsgcgQQfNZC+PsHgrt7OcbXSQHn12+I0cPSvRBeyUJKRCFAkyekWVBztMuuRPkQcUl2yJILnlTELomIQciExauhCEoOZahLV1QkIOLgs/393honCsOg/xjfEn7GnIcwtCeFlm9m4+LkxMk0AY9r3F9OlDHAuNkaiuaCjY2aiQKr93h5LwEq0//RdonjCPOaKvmpDZ/s2xLjc8kbB2MuV1fAD4oKMLum2e4arQPZ5gZomyF0RaH5aLhWjc36q17I3Pgw9ZWWfvPpx/RTzMJSCNYx3Ol0yHsUl+zJxCEEO7TiFke1Cf2iYc+lkFm7rOa+B+C2+XDgqj7+7CuPp44yXAgSZRqY6OpA40a8EGbSYeuIvv/pyXp2a90LxJG+i02Addezt5lAMUW+6SKOhBbd+NLg6bWz8Sg13BYvpY2yAEZgDXZ2heprT2LxbhPL8EzMOBcBf3cxI+asgjHYgjWxldBEpARBEIQg8AiT9Gvd0KXRIPFkSXs6NJBYChKSS5AlCU6S0DaYpJIBJQlJJYAcEBCSSBgE4SSWh0xSSWgSuTgkkgi8fsHCzm5cNA89ro2368V5ot1ME023Cw+bb+BTpIJiKBrRTWgAcABQHkulJJIFSdJJAk6SSBkkkkH//Z||194x259","US-USD 11199$2023-05-31T18:30:00.000Z~9999-05-31T18:30:00.000Z","Blue","L","Roadster cotton cargo jogger red","Roadster cotton cargo red jogger",3,4331,"Roadster cotton cargo jogger","Full","Roadster"
"0917e4ec-e1df-463c-bb7d-045bbf860bc3","Clothing and apparel","clothing-and-apparel","Poloshique Polo T-Shirt","There is nothing more classic than a simple peach plain pattern T-shirt. Made of high quality fabric, it has a Regular fit. Slip into this t-shirt and style it with bootcut jeans and sneakers to head out the door fuss-free.","tshirts","reebok-mens-polo-shirts","false","true","Poloshique-Polo-T-Shirt-Light Brown","Standard Tax Category","Embedded","2024-07-29T14:09:15.328Z","2024-08-21T03:59:58.644Z",1,"sku2","sku2","https://www.snitch.co.in/cdn/shop/files/317bb9f4198ba0b3fad4083b70ee2ba4_7dd174c7-6afc-49b6-a4b0-caf15980de39.webp?v=1722841600&width=1800||800x1200;https://www.snitch.co.in/cdn/shop/files/4MST2330-01-M1.jpg?v=1722841600&width=1800||800x1200;https://www.snitch.co.in/cdn/shop/files/0daabb44051dce08dfa354e26617ad99_e233cc3f-5901-461e-8a51-fbcb9de365d4.webp?v=1722841600&width=1800||800x1200;https://www.snitch.co.in/cdn/shop/files/152977f0131dcf91fcca3839bc0c7d91_257b85ad-a4c7-4333-8f76-c55a56961841.webp?v=1722841600&width=1800||800x1200;https://www.snitch.co.in/cdn/shop/files/05e8939014e857ec53a5593f98780814_93c70994-41fe-4e91-bc69-ac30829fe0f6.webp?v=1722841600&width=1800||800x1200;https://www.snitch.co.in/cdn/shop/files/5535e6274d375372efec85f4968af57f_a151d2b2-1c33-4e58-92fd-6dfd7d31b709.webp?v=1722841600&width=1800||800x1200;https://www.snitch.co.in/cdn/shop/files/0888538390f72798e22458ae46112f82_4980b520-d770-4632-89bd-6f5004ecceba.webp?v=1718954849&width=1800||800x1200","US-USD 2500$2023-05-31T18:30:00.000Z~9999-06-03T18:30:00.000Z","Light Brown","M","Reebok Men's Polo Shirts","Men's Regular FiThere is nothing more classic than a simple peach plain pattern T-shirt. Made of high quality fabric, it has a Regular fit. Slip into this t-shirt and style it with bootcut jeans and sneakers to head out the door fuss-free.t Solid Soft Touch Cotton Casual Shirt",5,1200,"Pan India","half","Poloshique"
"5b999cfa-f4b0-4b41-8c14-0d7461c71547","Clothing and apparel","clothing-and-apparel","Poloshique Polo T-Shirt","There is nothing more classic than a simple peach plain pattern T-shirt. Made of high quality fabric, it has a Regular fit. Slip into this t-shirt and style it with bootcut jeans and sneakers to head out the door fuss-free.","tshirts","roadster-cotton-cargo-jogger","false","true","Poloshique-Polo-T-Shirt","Standard Tax Category","Embedded","2024-07-29T14:09:15.002Z","2024-08-20T16:44:39.085Z",1,"SKU002","SKU002","https://www.snitch.co.in/cdn/shop/files/9dae3d392501ec8b5fdc500bf7c16950.webp?v=1715582005&width=1800||800x1200;https://www.snitch.co.in/cdn/shop/files/b1f3b09525dda86e33e6a475e40c5f03.webp?v=1715582005&width=1800||800x1200;https://www.snitch.co.in/cdn/shop/files/2eed809a888dbe58900361fa9d780e1a.webp?v=1715582005&width=1800||800x1200;https://www.snitch.co.in/cdn/shop/files/a4a088b5ab14b2b66a8f383b0dd13876.webp?v=1715582005&width=1800||800x1200;https://www.snitch.co.in/cdn/shop/files/869f5e99de2d120262b9fa3979db3c93.webp?v=1715582005&width=1800||800x1200;https://www.snitch.co.in/cdn/shop/files/b9957c658264bea42bb1cc0de0248329.webp?v=1715582005&width=1800||800x1200","US-USD 11199$2023-05-31T18:30:00.000Z~9999-06-03T18:30:00.000Z","Black","S","Poloshique Black Polo T-Shirt","Everyone needs a slim fit polo tee for their wardrobe rotation. This T-shirt is soft, made of 100% polyester fabric which is breathable, making it ideal for everyday wear no matter what the activity. This black plain pattern T-shirt features half sleeve and is quick and easy to wear.",5,4331,"Poloshique Polo T-Shirt","Half","Poloshique"
"56d7337d-5c03-4169-9922-7f800822be07","Clothing and apparel","clothing-and-apparel","Puma Cargo jogger","Puma lifestyle co. men pure cotton cargo jogger","","Puma-test-key1234","false","true","Puma-test-key1234","Standard Tax Category",,"2024-07-29T14:09:15.039Z","2024-08-12T09:49:17.676Z",1,"sku-001134","sku-001134","data:image/jpeg;base64,/9j/4AAQSkZJRgABAQAAAQABAAD/2wCEAAkGBxAQEBIQEBAQEBAPEBUPDw8PDw8PEA8VFRUWFhUSFRUYHSggGBolGxUVITEhJSkrLi4uFx8zODMsNygtLisBCgoKDg0OGBAQFy0dFSU1LS0tLSstKy0tLS0rKystLS0tLSstMSstKy8tLS0rLS0tLS0tKysrKy0rLTctLS0tLf/AABEIAQMAwgMBIgACEQEDEQH/xAAcAAABBQEBAQAAAAAAAAAAAAADAAECBAYFBwj/xABAEAACAQIDBQUGAggFBQEAAAAAAQIDEQQSIQUGMUFRYXGBkbETFCIyUqEHwSNCYnKywtHhM1NzovBDY4KDhCT/xAAYAQEBAQEBAAAAAAAAAAAAAAAAAQIDBP/EACIRAQADAAICAgIDAAAAAAAAAAABAhEDMRIhMkEiYQRRgf/aAAwDAQACEQMRAD8A25EcY0EMOICDRCQVg5IAMgEyxIBUAp1TG77Rvb9mN/8AcbOqZfeKnm9p+zC32v8Amc+SchukbLBoQkPc4smuIQkVC9UQty8Y9/T8wnqvuO6d+HHiuxhYV3LSXS2ZLv0a+1j0bdC0tmxhJXzurTt1zTkvTU89xNPTNayd7rpbVrzX3N/+H6zYWkuUHN+Mpv8AL1E28YmW+OvlaIbXC08sElwSsirUd7ou1JZYehQqPTtZ58e2ZWcDLRroXEyrh4ZYpeLfV8w8We+sZEQ8F520yKh0yCZJG2UriI3HCYkIQiKQhxghmDkEZCQApIBNFiYCYVUqoze0/wDCry6Kp9rpehpahkdu1LYWt2ya85nDm+nbi+2GHFcTZhyM0Ia4myokidN6gc5KEtQsLOMjelN87X0PTNz8B7HD04c1FZu/n92zCbEwTr1Iw4ptOT5WTT/ser4Ohkil0RxtP09PBHqZRxj4eZVpPNO/KHDvY+Prf0Hw8cqt4vvOnDXbavNbIxbiwsWAiwsWet5BUySYNE0VNPcQwggo6GERpIQkIIiyDQRkJABmgMw8wMwqrUMXvBJKhXi73zyUUk2289/yNrUMDvFWu4q7+Jyqu3FXen5nHl+nSk5FmN9ouqJRlfRavotX9jrSd/1796UhKouGZ9ysvsYc1CGGqP8AVa/etH1Cxwd+M436RvJlyKX0X/ev/MHpuXJxS6LX0ArQ2ZHjllLtk8i+2pYpYVR/y4d0bvt1ZKcrLVyfXWy+x0d28CsTVdkskNZyte/SNyTORq1rNpyGq3X2flpKbu5TvLW2ivpb18Tu4qqoonTgoxStokl5HJ2niNcq4+hxiJmf29/qsfoGLzSzclw7y5BlOkWYM9tK+MY8N7+U6sxYaLAQCxNsjJkkwaJoqJXEMIIOIQiKcdDCGBiLJEWVA5AJliQGYVy9r4pUaU6nNK0e2T0X3Z5zWqZneSTfXg/NGz31b9hHtqq/lIxMjhydqi4p9fNP1RONJdXbvt6EQkOBgL2Uei8dfUKokYoIQMsN7VqnovaNR1vbVo3+wtnww9NU4JJL4m0rZmYKFRxakuMWpLw1PQsPiVKEZx+WUVK/fyOfJv8Aj0/x89/2u4vFxp05Sm7KEXJt8ktWYfY2MnXnUqzv8drLlFXdkvA6G97cqFnwlUimuqV5W80jn7Dja66o6cUe4Z57e8d+ky1TZUpFqmep51mAWIGAaJQRE0QRJASGEIGLIhDogYRIYsBhmSIsIGwMw0gMwrNb5Je7/wDsi15MwrNbvnXust9INK3VyV/RIyDPPedlqYxINErZixFmUTJEESZBCUzQ7q7StehJ6K86d+fWPnqZ+wqE3GcZRdpRknF9vTuJMbDVLeM67+8uJzVIUk/hprPP96Xyrvt6ktlcX3HKzuTc5O8pScpX6t/8R1tj/rPuRqke4L28pmXZpFqmVqRageqHMaAeIGAaIBESRFEwpCEIIsiEIinuORHKhEWSZFgQkAqBpgJgYDevMpXkms9SbXaovKmZyUjt72RmsTPM3Z/FBPgotLh438jhSPNnt0vOyjKQWjWvoV5AKssjUk9Of9Qy66ZJsBRk2tSVaDkkrta30uQPNta2v11S9R6euvb46AI4bq7lmDtZCRehqr9r9Ts7Ij8DfWX5HEwUuK/a/oaDZkbQXa2zXH8h0qRZgV6SLMEehkaAaIKIWIBESRFEgpxCEEWRCERSEIRUIjIkRkAOQCoHkV6gGC34j/8Aoi+tJfaUjNyRpt9/8eH+kv4pGbaPPbtoCSBVY3TRZnEFLgQE2XUzQSfGPwvw4fYuHK2c8s2uUlfxR1CT2FKfiRSl0t/zwJUuLXZfy4hU+7wAlQjNPl14/wBjVbOd4Lrz8zIyxMY8ZxXfKMfU0ewKuZc7NXUuMXZ20fizVPVh3aZYgBposQR6GRYhYkIoLFASQ4kh7AMOKwgLIhCIpCEIqEyEibByAHMr1A82V6gGF32f6eH+kv4pGdbNDvqv08P9JfxSM7I89u2jNgqgS5GSIAJWlGXbbzOkihVj9i9BddGuIkDr03LhJxa5rRgo4RP5nKf78pSXk2WiLEBqWHS0Sil2JI1u7Ur0nG1stSSsu2z/ADZlITb0NTuvC0aj6zT/ANif5mqfJJaCmixBAaaLEUd0EiFQOKCJBUkOJDhDCHsIKsCGHJgQhCKhmQkTYOQApleow8yvUAxe+sfjpvrCS8n/AHMu5Gp34etLun/KZWTPPb5NGuKPFCSJ018RAqdLNNR6vXu5lzFaVJW7PREtnQ+NvovUhjI2qyfVJ/axrPxAlxE0M30+4Od+vkjAJkXWxsN12vY9qk034KxhnFX1u+9s2m6GJhKiqaspQbbXVN/N+Xgbp2S0dMPEDTDwO6CRQREIk4gSHsJDhCEIQBhxhBTjCEEMwcgkgUwBzK1QsTK9QDFb9P4qXdP1iZVXNhvvBZaU3ylKHmr/AMpmNOVjhftoNRHpcGxTZPCrTvT9DA6GzY/C31foC2vG2WfL5X6r8y1g4WhFdl/MPOkpxcZcJK39ztn44M+2Tg76DVaEqbyS4rnya5NEDlMB5Ummul9L8C7smTo1oTvopa2004MrwndZX4PowsNV9+4mj0uAaBT2bUzUqcubhFvvtqXYHqhBIhEQiTQEkOMiSCGEPYQBUIQiKQhCKiLByCMHIAMyvVLEivUAy++cU6Mb8qq/hkY1O2i4Gm32r3dOmuSc2u/RejMw1l4nC/bRT4Ms4bTK+3UqOV/Mv4eN8vgYHUCwBoLA9I5+3KWkZ9PhfqvzOTc0uPo56U1ztmXetTMpnK8ewrlmhO9/+cf7lYlRlZmB6HuzWzYeP7DcH6/mdmJnNz5p05pNfMnbmrr+xo4HenxhJGiTRCJNGhJEhkOEIQhAEEOIikIQiiMgcgrBSADMrVS1MrVAPOd5sQnianWLUV2WSXrc4rpylrdHU3gwqWIrJrV1HJP974l6nKhGztqu3ijzz2p3C1jqYJfEjmWd7M6WzX8fgSO4HTQaCBRD00egHpoyOLo+zqSh9Mml3cvtY2NNHF3nwtnGql83wS71w+3oYvHocVCi9V3r+hFMlluch2928S6WKpq7y1Hka65uH3seiRPONhyhKvRzO2Wonft5LzsekQOvH0CRCIgiaOiYkhxIcIYQ4gCj2Ij3I0cQ1xXKhmDkEYOQAZlaoizMrVGQeWbW2jGrXqSzfNJ5b8ktIrySKU78eHdqWt4MN7GvOEXRqQu2knLPDnlkuq7OnI5zqOGsYxt1+NfaxwxRI1bvnfuOpseN5N66LmcdYlS/WUHqsrhdS7eqNPs2go01JNNySbaTS7lctY9ixFFmkgUIlmnE7A1OIStho1IOE1eMl4ro12jU0WIIIwe0sHKjUdN621jK1s0XwZXhOz1NFvjsitVtWpTf6OGWUF0u3mtz4mQjTnzbT7G2jjMZKup7bJ8VODnK6srpO/U9I3e2r7zScmss4SyTS+Vuyd49n9DyL2NSTSzTS/YUrvxaVj1XdDAujhkpLK5vPZ8UrJK/bpfxLTsd+ISIOISJ2E0IYcIQhCBqVx7gswsxFFuPcFmFmAm2DkxORCUiiE2VqrDTkUsbiI04SnOSjCCcpSeiSXMgwm+OC9nWUovSqnNxlZ2lfW3ZqjPpzjyjbsVjs7w7WpYmpCVGanBU7cJRcW5Summr9DnZdDhbsPszDqrUUVnivmlmk5J24xSZqVTSVkrJaJI4+wIp1X2Qeve0d7KdKdCEIlinEaEQ0ImxOCDwQOKCxALA8wx7iq1VJxS9pNRtyWZ2Rvdv7T91w86yV5K0YJptZpO0b9lzzLEzkqdOq38VaVRvhZWa4LxZm0aLipuX6+nRaHp26m0FWw8Va06NqM1e/wAqWWV+2Nn33XI8t2XVzt53GMYWz1JSUVFPRac33HW3S24qOOqNyth679nreyyq1Of2d/3mZp6lc9a9ZiwiZWjIKpHVB0x7gVIlmAJcQLMOEdr3On9K+4vc6f0oMIwoPulP6UN7pD6UHEAD3SH0oi8HT+lFmxzdqbcwuGV6+IpUv2ZTWd90Vq/IAssHT+lHjX4obwKpiPdKEoewpJe1cVZusnK8XLmksvjfoXt6/wATa9XPSwUVRpu8feJNSq1ItWvGNrU+fV8ODPP6FX2bUo2ck73ks0U1w0fHxAIqEqTbnnpzS/RxyKSqdfivZLtVzRbOhRr0W6dZqtFfFQqRjdPskmrx7beRl8Vip1JZ5tOVktIxikloklFJJdwK1tefLkzNq6tZiO413do18Rh50405xjUnFSUaazNXdlGSd0+6x6/s7BwqUqdSVFQlUpwnKEoZZQcopuLT4NXseC0n8Wa7une99e+59J4OOaEZfVFS81csRkEqUdmUv8uPkia2bS/y4+SOqqI7pGtRyvcKf0R8kL3On9EfI6UqQKdEDD/idh4R2bVajBNTpWdtV+kjw7bX+546m2le9lw14Hqv4w4rJh6NC6vWqZ2ubjTX9ZLyPK4kDRbv0twLNKXN9bldGl3M3dljqqjrGlB3qz6Lou18EUes7iL2mz8POrFOeRxu1q1GcoxfkkaGOFp/RHyI4SjGEI04JRhCKjGK4JJWSLKQAvdYfRHyF7tD6I+QawrAA91p/QhwwioLYVh8rGszKmOHvptyWBwk61OKnVco06UZXyZpPRys1okmzuNM5e8OzniaEqLhTmpL5aieW/J3WqfagPCdp73bQxV/a4qrlb/w6b9jBdmWFr+NzhvrzfF9TcYr8PcfGby4WlUhfTLXjmt0vKz8ynPcHHv5cFKPfXpP+YDHtjXNrR/DPaU3rTpU11qVov8AhuzvYH8JH/18V3xo0/5pP+UDy2MSbp9v2PaML+F2BirSeIq9s6sY/wAEUWV+Guzf8qo//orL0YHhih3n0LuFVnU2dhpT1l7PLd6tqMnGP2SK+F3A2ZTd1hIyf/dq1qq8pya+xpKMFCKjCMYxirRjFKMYpcEkuCALYVhrsWoCONvTvDQ2fQdatdtvLSpRtnqytfKui6vkddnm/wCL2BqVVhpwpVJql7RSlThUqZc2Tiop2+XiB5lt7b9fG1XWxDUnbLGMVlhTjdtRivF6u7fMrYeEZJtZU1ooSqxi2+zhcfEQSdnlg/pneMvJkaOFlP5ISn/pxc/QAEGe0/h7s2VPCU7JqVX9LP8A8uC8rGB3f3JxuInFrDzpwb1q14umorqlKzfgme8bPwUaNONOPCMUr9ysA+HotLUPYlYcuCFhrBBDBCw5IQEriuIRAzIiEA1iEhxAREIQCsKwhAJod8BCAeJJCEBKxFxXQQgIOlF8YxfekSjFLgrdwhAPYQhASQwhFDiEIqEIQgj/2Q==||194x259","US-USD 1099$2023-05-31T18:30:00.000Z~9999-06-03T18:30:00.000Z","Blue","L","Puma Cargo jogger red","Puma cotton cargo red jogger",3,4331,"Puma Cargo jogger","Full","Roadster"
"931dd9fb-ae29-4b8d-ac2d-829b2b4641da","Clothing and apparel","clothing-and-apparel","Raw Edge T-Shirt","Raw Edge T-Shirt","tshirts","Women-Puma-test-key1234","false","true","Raw-Edge-T-Shirt-key1234","Standard Tax Category","Embedded","2024-07-29T14:09:15.011Z","2024-08-20T16:42:49.657Z",1,"sku-0011111","sku-0011111","https://www.snitch.co.in/cdn/shop/products/Snitch_9thNov21_4526.jpg?v=1638191302&width=1800||800x1200;https://www.snitch.co.in/cdn/shop/products/Snitch_9thNov21_4517.jpg?v=1685537802&width=1800||800x1200;https://www.snitch.co.in/cdn/shop/products/Snitch_9thNov21_4508.jpg?v=1685537802&width=1800||800x1200;https://www.snitch.co.in/cdn/shop/products/Snitch_9thNov21_4510.jpg?v=1638191267&width=1800||800x1200;https://www.snitch.co.in/cdn/shop/products/Snitch_9thNov21_4512.jpg?v=1638191267&width=1800||800x1200","US-USD 10100$2024-03-06T18:30:00.000Z~2025-03-27T18:30:00.000Z","Grey","L","Raw Edge Grey T-Shirt","Check out this casual T-shirt from snitch. Fashionable and appealing, this slim fit T-shirt comes in a shade of light grey. This versatile piece can be worn and styled for almost any occasion. It features a classic round and half sleeve sleeve.",5,4331,"Raw Edge T-Shirt","Half","Raw Edge"
"53ea6c07-d419-4292-95fb-fb29b8e8e46c","Clothing and apparel","clothing-and-apparel","EasyEssentials T-Shirt","Everyone needs a Regular fit crew tee for their wardrobe rotation. This T-shirt is soft, made of 65% cotton 35% polyester fabric which is breathable, making it ideal for everyday wear no matter what the activity. This navy plain pattern T-shirt features half sleeve and is quick and easy to wear.","tshirts","Sale-Puma-test-key1234","false","true","EasyEssentials-T-Shirt-key1234","Standard Tax Category","Embedded","2024-07-29T14:09:15.343Z","2024-08-20T16:23:19.290Z",1,"sku-005643","sku-005643","https://www.snitch.co.in/cdn/shop/files/4MST2237-08-M4.jpg?v=1705920832&width=1800||800x1200;https://www.snitch.co.in/cdn/shop/files/4MST2237-08-M26.jpg?v=1705920832&width=1800||800x1200;https://www.snitch.co.in/cdn/shop/files/4MST2237-08-M28.jpg?v=1705920832&width=1800||800x1200;https://www.snitch.co.in/cdn/shop/files/4MST2237-08-M19.jpg?v=1705920832&width=1800||800x1200;https://www.snitch.co.in/cdn/shop/files/4MST2237-08-M12.jpg?v=1705920832&width=1800||800x1200;https://www.snitch.co.in/cdn/shop/files/4MST2237-08-M2.jpg?v=1705920832&width=1800||800x1200","US-USD 11199$2024-03-06T18:30:00.000Z~2025-03-27T18:30:00.000Z","Navy","L","Essentials Navy T-Shirt","Everyone needs a Regular fit crew tee for their wardrobe rotation. This T-shirt is soft, made of 65% cotton 35% polyester fabric which is breathable, making it ideal for everyday wear no matter what the activity. This navy plain pattern T-shirt features half sleeve and is quick and easy to wear.",3,4331,"EasyEssentials T-Shirt","Half","EasyEssentials"
"62cc1ccf-ee4b-479f-b2ff-2446c5be4cb6","Clothing and apparel","clothing-and-apparel","Essentials White T-Shirt","Everyone needs a Regular fit crew tee for their wardrobe rotation. This T-shirt is soft, made of 100% cotton fabric which is breathable, making it ideal for everyday wear no matter what the activity. This white plain pattern T-shirt features half sleeve and is quick and easy to wear.","tshirts","kids-Puma-test-key9876","false","true","Essentials-White-T-Shirt-key9876","Standard Tax Category","Embedded","2024-07-29T14:09:15.078Z","2024-08-20T16:22:39.574Z",1,"sku-00113355","sku-00113355","https://www.snitch.co.in/cdn/shop/files/4MST2228-04-M23.jpg?v=1707292733&width=1800||800x1200;https://www.snitch.co.in/cdn/shop/files/4MST2228-04-M2.jpg?v=1707292733&width=1800||800x1200;https://www.snitch.co.in/cdn/shop/files/4MST2228-04-M19.jpg?v=1707292733&width=1800||800x1200;https://www.snitch.co.in/cdn/shop/files/4MST2228-04-M26.jpg?v=1707292733&width=1800||800x1200;https://www.snitch.co.in/cdn/shop/files/4MST2228-04-M5.jpg?v=1707292733&width=1800||800x1200;https://www.snitch.co.in/cdn/shop/files/4MST2228-04-M11.jpg?v=1707292733&width=1800||800x1200","US-USD 21199$2024-03-06T18:30:00.000Z~2025-03-27T18:30:00.000Z","White","XL","Quintet white Polo T-Shirt","Everyone needs a Regular fit crew tee for their wardrobe rotation. This T-shirt is soft, made of 100% cotton fabric which is breathable, making it ideal for everyday wear no matter what the activity. This white plain pattern T-shirt features half sleeve and is quick and easy to wear.",3,4331,"Quintet white T-Shirt","Half","Quintet"
"4398c35c-b933-45a1-8869-8a1ddf8ee768","Clothing and apparel","clothing-and-apparel","Essentials Pink T-Shirt","Everyone needs a Regular fit crew tee for their wardrobe rotation. This T-shirt is soft, made of 100% cotton fabric which is breathable, making it ideal for everyday wear no matter what the activity. This white plain pattern T-shirt features half sleeve and is quick and easy to wear.","tshirts","casual-shoes","false","true","Essentials-Pink-T-Shirt","Standard Tax Category","Embedded","2024-07-29T14:09:15.270Z","2024-08-20T16:15:54.248Z",1,"sku-005674","sku-005674","https://www.snitch.co.in/cdn/shop/products/Snitch_9thNov21_4660.jpg?v=1638188916&width=1800||800x1200;https://www.snitch.co.in/cdn/shop/products/Snitch_9thNov21_4644.jpg?v=1638188916&width=1800||800x1200;https://www.snitch.co.in/cdn/shop/products/Snitch_9thNov21_4645.jpg?v=1638188916&width=1800||800x1200;https://www.snitch.co.in/cdn/shop/products/Snitch_9thNov21_4634.jpg?v=1638188916&width=1800||800x1200;https://www.snitch.co.in/cdn/shop/products/Snitch_9thNov21_4638.jpg?v=1638188916&width=1800||800x1200","US-USD 3000$2023-05-31T18:30:00.000Z~9999-06-03T18:30:00.000Z","Pink","M","Essentials Pink T-Shirt","There is nothing more classic than a simple peach plain pattern T-shirt. Made of high quality fabric, it has a Regular fit. Slip into this t-shirt and style it with bootcut jeans and sneakers to head out the door fuss-free.",4.5,1205,"Pan India","Half","Polo"
"b07eb064-cea5-4da9-a0d8-43e0f9df5fb2","Clothing and apparel","clothing-and-apparel","Puma Cargo jogger","Puma lifestyle co. men pure cotton cargo jogger","","Puma-test-key123","false","true","Puma-test-key123","Standard Tax Category",,"2024-07-29T14:09:15.043Z","2024-08-12T09:58:59.928Z",1,"sku-0011","sku-0011","data:image/jpeg;base64,/9j/4AAQSkZJRgABAQAAAQABAAD/2wCEAAkGBxASEBISEhIPEBMSFRYSERAQDxAOEhAQFxEXFhUSFRUYHSggGBolGxkWITEhJSkrLi4uGB8zODMsNygtLisBCgoKDg0OGxAQGi0lHSUrLS0tLS0tLS0tLS0vMC0tKy0tLS0tLS0tLS0uLi0vLS0tLS0tLS0tLS0tLS0tLS0tLf/AABEIAOEA4QMBIgACEQEDEQH/xAAcAAEAAgMBAQEAAAAAAAAAAAAAAgYEBQcDAQj/xABEEAACAQIDBAYGBggEBwAAAAAAAQIDEQQSIQUGMYEiQVFhcZEHE1KhscEjYnKy0fAUJDKCkqLC4RVCY3MzNEODo9Lx/8QAGgEBAAIDAQAAAAAAAAAAAAAAAAMEAQIFBv/EADERAQACAAQDBgQFBQAAAAAAAAABAgMEETEFEiEyQVFhcbEjgZHBEyIkM6EUNNHh8P/aAAwDAQACEQMRAD8A7iAABGZIjMCAAAAABKSSu+C1fgcwwEnOMpv9qo3N+Mnd/E6Htqplw1eXZSqNePq2c6w9eFOhmk0klxfgVMzPWIXcpG8vGO01DamCV7KLqOb7Ieonmb5XZqq9Z1q1Ws1b1s5Ts+pN6LkrLkami5VsRLEKScZKUIK9pKLdnLXqautOp95YKVLole8zFdFv8KYtzTHchhodIs2FjaJocLHpG7xdGo8PNU3lnl6LtwZFEM2ZlKpc+TIbNg8ivx6z3lE206NO9mbqTtWqR9qEWv3ZWf3ilbOm6c61J6ShUnB8pss1DEqjWhVk7RjfO+yDVm34ceRpN6aShtGUo2ccRCFaLWqbayNrnG/Mk3wvSWtY+LPnHs3ewpWrUX9a3nFx+ZdikbK0nR/3IfeRdyzlezKtm+1HoAAsqgAAJQJkIEwAAAAAAAABGZIjMCAAAAADWbzytgsT/tT98Wjje9ldxwdlxlaKXW23wOu76TtgMR3xjHznFHE9oY1VsVCgk2qCdWd1o5qyiuTd+RUx41vDoZKNY08ZbLZlJxhCNovKoq1raJW0T5mzjZcHJK37LvKytKT0evUeeBjprqtDMUdY/WbS6+HDjzMxD0lYjTRCGjurPwfdfg/zwNlS2naNnF/lGqruCi5S0Suna6adrW+HkjAoXnOTbl0bdD2VLpWfa7JeGZo1mlfBr/S4d94WrD7VWqyvS3VpqTntFvgrebKxgq9puLdtXTjJJRTtNpJrhf6NvnY3Kiu991+ppdXIzWlUdsnh1nZ755StdrxeqXgloY+9C+iwda98lSeHk+6SU4X8pEqT6tOL7+Lv8yG203g6y7FGquu0qUs2n7udczN6xyTEI8XCiNNO6f8AXs2+zpa0X/qU/vovRzvYlTNGi/r0/vI6KMrtLhZ2NLRD4AC0pAAAlAmQgTAAAAAAAAAEZkiMwIAAAAAK/v5L9RqLtlTX/li/kccp4ZRxmKfaqfm4u/widb9INa2Hpw9utHyjFt++xzTaEMuLrd/q3y9Wv7lTEn4nydbhtdZifOfZscA+jy+BmW0j3a8zDpq0dOwzM1mbQ9Ax8ZQUlJPRN3XczxwVFu9tWruXBNpRu2+2yXuNjKKkjGgnBtrS6a5OLXwYmG0WnTowIUHJz6L1qTafVpVl1835m6vaz67JPkRUujGPsuTv9qWZ/E+iI0YtabbvSK6T7HZ/j8jIqKLi1L9lpqX2WrP3XPClx5fgeG2cQqeGrT7KcvO1kbIbxr0S3Uk/0enm4wnFPxjJJnU2cw2DSawl5JqU71GutOTzW9502neyvxsr+NtSPK98PO5/rfX1fQAW1AAAEoEyECYAAAAAAAAAjMkRmBAAAAABUvSA1+qx63ObXgopP3tHPt4abWLUuqpSi19qEmpfej5lz33xCeLhHqo0nKXc5O790YsrG8dWLWGmvaqQ8U4p/wBKKOJOuLLs8PiY5TCu8FyXvRsMqZrcJwXivvI2UUSw7rylRa4M860pJPMuZlOVnqiGMwlWtehQSc5U51He66EbJpPtbaSMteeI622eNCrdJmR1Gp2XUvCJtKbMRKS8aS9acuBqN4KmepQw/VUlnqLtpw1tzdjax4r89RW5VHLa9NPgoW8L6/IxedKocTpWZ8l4g7Q0XBp+8vxzbAKX012pLNeFvZtpHx0dzpCehnLxpq8zm94AAWVMAAEoEyECYAAAAAAAAAjMkRmBAAAAABQt5tmyjiauZtrEwk4SWruoqLh4pWt4ooe9Vfp4NQ1pqVZRd731hZ+R2DenZk69FerdqtKXrKa9ppaw5r3pHH95HKaoVIr6KhKamknmpTnJaSXs6JK3aU8SvLZ2uHX5pjybLBt2j4r7yNtT4mnwU01HxVtGv8yNpB2N4dyWXUjcsG5dBZ6s+tRhBLsTlNvzsvI0MuBY9zeNXwh8Zkld3Oz8/p7fL3hz1LLWrw4ZK1WKXYlVkl8DPpSMXbay4/FL/Wk/4uk/ie0GRQ6cTzUrbxiJ/hlReq8StUKUv8SnUlCcoZHklFXUprgr9S73ob+Tuuw+YLZsY2jmnlXBZnb+4tEyixK61mNW63Qw036uMulKLUqjjdxTvfjbh1czoBpN1KOWjLhZy0XgrM3RNhU5YeWzltcWY8AAEiqAACUCZCBMAAAAAAAAARmSIzAgAAAAAHNPSFsqFKrGdO8XXu6iTspJPpRa67yafdr2nSyj+kym/wBXl1fSRfj0WvmR4sa1XuHW0zFfn7KhhOC7mvijaKN0avBvR+K+KNrB2ZFD073w8rqxa9z6doVZdsox/hjf+oqVrO6LvuvH9Xv7UpP4L5ElN3M4nOmDPnMOc7508m0a/wBbJNeDpxXxTIUJXSM/0oU8uLpy9uilzjUl+KNTgp3iiKelpdHK258tSfKI+nRnpGbh2s1jEpnunaaZtDNuq87tf8Bfal8jamBsH/l4d+Z/zMzyeNnkcxOuLb1kABlCAACUCZCBMAAAAAAAAARmSIzAgAAAAAFY9IVK+Fi/Zqxv4OMo/Fos5pt8KDngqyXGKU+UJKT9yZrbaU+Vty41Z84cww7sn+eBtrXXgaWnU496+RucLLQr1eu7mRRd4/EuW6Ur4e3szaXkn8yl042d+TLxuzTtho/WlOX8zXyJabuVxSYjB+cfdTvS1S6eFn3VYeTg/wASr7NloX70oYTPg41FxpVYt/Zn0X73E5zs6etiPE6XXOF35srEeGsfzr91hw57TWp44Uyv06UbxTsutW7eJmE9+bX8q87uSvhofvfeZsjX7vwthqXem/OTZsCeNnksx+7b1n3AAZQgAAlAmQgTAAAAAAAAAEZkiMwIAAAAABCtSU4yi+Ek4vwasyYA4nODi3F8U2n3dTNphZaR8F8CG82HyYusv9Ry5S6S+J8pR+jT61Yqx0l7LCtz0i3i2cdUXjd6V8NT8JLymyi0neKZeN2l+q0+/M/ObJabuXxX9qPX7SjvXhvWYHEwSu3Tk0u+KzL3o4zgn0kd7lG6afB6PwZwVU8kmvZeXmnY1xo6xLbgl/y3p6T/AN9FlwjGMjaSfaeeBehtsBRU6tKL6qkL98cyZrHV0725NbL9hKWSnCPsxjHmlY9T6fCy8bM6zrIAAwAACUCZCBMAAAAAAAAARmSIzAgAAAAAAADm2/8ASti7+1CEuesf6TBwSvTa/PE3PpIpfS0pdsGv4Zv/ANjRbIqaNPw+ZXntS9VkZ1y9Z8vZlYKdui7nQ9hxthqX2Uc+WktToWxJXw9J/VS8tDfD3U+L9ivqzTiO8FLLi8RHsr1PJ1G17mjtxyLfehl2hW+tKE1zpRv70xjbIeDW0xbR5fd9wUtORYNhU74qi12tvlFv5Fawj0LfuhG9e/sxk/gvmaU3h1s7blwrT5SuQALDyIAAAAAlAmQgTAAAAAAAAAEZkiMwIAAAAAAAAp/pIp/R0JfXlB/vRuvulNwnHTTh56ov3pCo5sDN9dOcJr+PL8JM55gKl5L6y95XxO09Lwq2uBp4TMff7t0mpeKLzuxK+Gh3OS/nZQnCzui87qSvh/Ccvk/mb03R8Vj4Mev+W5OXekRfr3/bh8GdQObekag1ioS6p0014xbTXlbzM4vZUOEz+o+UtLhHoXfcxfSTf1PjJfgUPDSL7uRq6j7IxX8zI8Pd2eJ/29lrABYeUAAAAAEoEyECYAAAAAAAAAjMkRmBAAAAAAAAGBvBh/WYWvDi3Tlb7SV170jjuVws+rin3dZ3FnIMbSySrUX/ANOU4rwTaIcWHc4PidqnpLKwNbPGz/aiXHcyvpVh2OM1zjZ/BFKwis7ll3Vq2xNvbhJPlZ/IxSeq7xCnNgW+v0XQ5x6Taj/SKS6lSuvFzlf4I6OUb0oYROFCrZ3UnTbXDLJXSfNfEkxOy4vDbRXM118/ZTMDK5ftxk89XscYvnd/3KDh6Ly6XWqvddV9TpO4tK1CbfFzs+zSEeHNsiw93b4pbTLz56LGACw8qAAAAAJQJkIEwAAAAAAAABCZMhUYEQfLi4H0Ebi4Eri5C4uBJs5j6QcK6WMU0ujiI3T6lVilGS8sr5nS8xXt+sL6zBVLQU5U3GcdLuNprM1+7mNLxrVcyGN+HjxPdPT6qThKylFdtk7XN/upF/pMH3Sv4ZGVLZ8o3Sej7G7W1WnvL3uZSd51NMtsubTWWZNpeXvRFTrL0GfxIrl7ecafVbLmg36xlKlgarqypxUssIupZLO5K3Hr4teBvbnNfSzUnUcMPBOWem42urylOSgqcE7pOTlHNK2kVLhxU1ttHl8PXm1ju6q9+nYSnG9TGU4pNRuqU5rM4qaWZOz0a1Olbk7x4PFU3Tw0s6oRhGc8kqcJzavLJms5WfF260fnrDbIw8P0hVHKc6bpqFOMIfTSlUt6tThOcY8NWnezaWp+jt0qKjhKMXTp03TVlCEbRpNq7jC+qSvb82MVrEbLGZzOLjRHPtDeA+XFzdTfQfLi4H0Hy4uBOBM86Z6AAAAAAAAADyrvgep44nqA88wzED4B6Zj5cgyLYHrc+HnnGcCbPmp8zmLtbEThRqSgrzS6PB2bdlK3Xa97ddrAcP3l3rjhK9XJCMq+eUpOUYyjTTu8l3wlqnouHfwtHof3vxWMq14VoUlDIqkZUo+rjCacY5bOTbzJt92Tv0p+2tiVaGNo1qWFr41JOU4eprVoXy2XrJxUsz4y1V76l99E2yalDDylUp1KNSrUzSp1IVqVtW9ITsv8yV4rq1btaMdaxCxe9rdJn5OjZyvbf2fJ1o1k+jZRcbpWmn0X3p8P/pvJRZX95cVl9XF6QbvJ9/BeRtbZHhTPN0UPbPo/xVavOrCrhlCpKDlCq6jlaErq9qWR34WnGSXejqmxYuMFB8VGN7NNXSs7NRimvCK8FwNR/j2EpZY1cThqUmk0qlenTbi3bMlJ8LprkbGnWSrwitZSvmtraKi7X7NbGIZtG7cXFyFxc3RJ3FyFxcCdxchc+XA96L1PYx8O9eRkAAAAAAAAADwxT4cz3PDFdXMDwuLnw+ASuLnw+XAWISiTAGPLQ1+18TanlvbM1x7nf8DbThcrG9GCxDSlTpPEJL9iM6cHft6bS7DTEmYrrEat8OIm3WdGNi9v4HDyUa9alTnJZ8rUpNptrNZJ2u0/I39SaShKDi05QatZ5k5LVPwdzhO1t09sVq0qjwU434RjVoOMIpWUV0vy2+B0XcHB7RjSo0sTQVJUGslV1YTlKCvaDjFvgna9+HvdW3NHV0S5g7U2fSrxyzXemnlkn2pmaRaN0Tn+P9FuDrVXVqV8bJu3R9ZQUUlwivo72LlsnZdOhGEYucnGKgp1JZ55VwTfzM3KSSMaQzrKdxc+Ayw+3Fz4fQAufAB7YV68jKMXC8X4GUAAAAAAAAAMfFdXM+gDGYAABgAAAAITAAx5HpTPoA9QAB8PqAA+n0AD4AAAYAHthePL5mUAAAAAAAf/2Q==||225x225","US-USD 11199$2023-06-05T18:30:00.000Z~9999-06-03T18:30:00.000Z","Blue","L","Puma Cargo jogger red","Puma cotton cargo red jogger",3,4331,"Puma Cargo jogger","Full","Roadster"
"9abb54e5-4233-44ce-8c2a-7795ed05b911","Clothing and apparel","clothing-and-apparel","Casual shirts test product","Casual shirts for men","","casual-shirt","false","true","casual-men-shirt","Standard Tax Category",,"2024-07-29T14:09:15.062Z","2024-08-20T08:20:53.951Z",1,"3","sku3","https://images.cdn.us-central1.gcp.commercetools.com/23373b68-1d66-4a76-be69-d7d4f5487bf1/1-CjDxPuqA.jpeg||659x879;https://images.cdn.us-central1.gcp.commercetools.com/23373b68-1d66-4a76-be69-d7d4f5487bf1/1-BF4sfMJG.jpeg||659x879","US-USD 1500$2023-05-31T18:30:00.000Z~9999-06-29T18:30:00.000Z","Red","L","Casual shirt for men","Men's Regular Fit Solid Soft Touch Cotton Casual Shirt",4.5,1200,"Pan india ","Full","Luis Phillipe"
